# particle, branching ratio, product 1, product 2, product 3, product 4, ..., product  N
13,1.000000,-12,11,14
15,0.107683,16,-211
15,0.006960,16,-321
15,0.177283,16,11,-12
15,0.173107,16,13,-14
15,0.253745,16,111,-211
15,0.001581,16,311,-321
15,0.000151,16,221,-321
15,0.008352,16,-211,-311
15,0.004266,16,111,-321
15,0.092470,16,111,111,-211
15,0.092569,16,-211,-211,211
15,0.003977,16,111,-211,-311
15,0.003470,16,-211,211,-321
15,0.001432,16,-211,-321,321
15,0.001581,16,111,311,-321
15,0.001193,16,130,-211,310
15,0.000646,16,111,111,-321
15,0.000239,16,130,130,-211
15,0.000239,16,-211,310,310
15,0.001382,16,111,-211,221
15,0.001752,16,22,111,-211
15,0.045936,16,111,-211,-211,211
15,0.010440,16,111,111,111,-211
15,0.004907,16,111,111,-211,-211,211
15,0.000951,16,111,111,111,111,-211
15,0.000834,16,-211,-211,-211,211,211
15,0.000163,16,-211,-211,211,221
15,0.000149,16,111,111,-211,221
15,0.000139,16,111,111,-211,223
15,0.000119,16,-211,-211,211,223
15,0.000408,16,223,-321
15,0.000477,16,111,111,111,-321
15,0.000305,16,111,-211,211,-321
15,0.000278,16,221,-323
15,0.000237,16,111,111,-211,-311
15,0.000224,16,-211,-211,211,-311
15,0.000295,16,111,-211,-311,311
15,0.000059,16,111,-211,-321,321
111,0.987990,22,22
111,0.011980,22,11,-11
111,0.000030,11,-11,11,-11
130,0.195228,111,111,111
130,0.125418,211,-211,111
130,0.202769,-12,11,211
130,0.202769,12,-11,-211
130,0.135219,-14,13,211
130,0.135219,14,-13,-211
130,0.001967,211,-211
130,0.000864,111,111
130,0.000547,22,22
211,0.999877,-13,14
211,0.000123,-11,12
310,0.692242,211,-211
310,0.307007,111,111
310,0.000048,211,-211,11,-11
310,0.000350,-12,11,211
310,0.000350,12,-11,-211
321,0.635525,-13,14
321,0.000016,-11,12
321,0.206608,211,111
321,0.055902,211,211,-211
321,0.017611,211,111,111
321,0.050702,12,-11,111
321,0.033531,14,-13,111
321,0.000022,-11,12,111,111
321,0.000041,-11,12,211,-211
321,0.000014,-13,14,111,111
321,0.000028,-13,14,211,-211
411,0.000400,-13,14
411,0.001000,-15,16
411,0.004300,-11,12,111
411,0.002800,-11,12,113
411,0.002600,-11,12,221
411,0.002800,-11,12,223
411,0.090000,-11,12,311
411,0.055400,-11,12,-313
411,0.003800,-11,12,-315
411,0.000500,-11,12,331
411,0.003600,-11,12,-10313
411,0.004300,-13,14,111
411,0.002800,-13,14,113
411,0.002600,-13,14,221
411,0.002800,-13,14,223
411,0.087400,-13,14,311
411,0.053300,-13,14,-313
411,0.003800,-13,14,-315
411,0.000500,-13,14,331
411,0.003600,-13,14,-10313
411,0.001400,-11,12,311,111
411,0.002700,-11,12,-321,211
411,0.001400,-13,14,311,111
411,0.002700,-13,14,-321,211
411,0.002600,211,111
411,0.001000,211,113
411,0.007600,221,211
411,0.028200,311,211
411,0.021000,-313,213
411,0.007400,321,311
411,0.004200,321,-313
411,0.031000,323,311
411,0.018000,323,-313
411,0.007000,333,211
411,0.011500,-10311,211
411,0.080000,20213,311
411,0.050800,-20313,211
411,0.001500,211,111,111
411,0.002000,211,211,-211
411,0.003000,221,211,111
411,0.097000,311,211,111
411,0.005000,311,211,113
411,0.010000,311,221,211
411,0.005000,311,223,211
411,0.001000,311,311,211
411,0.001000,313,311,211
411,0.010000,-313,211,111
411,0.007800,-313,211,113
411,0.010000,-313,221,211
411,0.005000,-313,223,211
411,0.001000,-313,311,211
411,0.001000,321,311,111
411,0.010000,321,311,311
411,0.001000,321,-313,111
411,0.004600,321,-321,211
411,0.092000,-321,211,211
411,0.011000,-321,213,211
411,0.001000,323,311,111
411,0.001000,323,-321,211
411,0.007000,-323,211,211
411,0.010000,-323,213,211
411,0.001000,-323,321,211
411,0.023000,333,211,111
411,0.005000,211,111,111,111
411,0.009000,211,211,-211,111
411,0.002000,221,211,111,111
411,0.003000,221,211,211,-211
411,0.018800,311,211,111,111
411,0.012000,-321,211,211,111
411,0.002100,211,211,211,-211,-211
411,0.003500,311,211,111,111,111
411,0.008700,311,211,211,-211,111
411,0.005000,-321,211,211,111,111
411,0.002200,-321,211,211,211,-211
421,0.003400,-11,12,-211
421,0.002200,-11,12,-213
421,0.035000,-11,12,-321
421,0.022500,-11,12,-323
421,0.001500,-11,12,-325
421,0.001400,-11,12,-10323
421,0.003400,-13,14,-211
421,0.002200,-13,14,-213
421,0.034000,-13,14,-321
421,0.021400,-13,14,-323
421,0.001500,-13,14,-325
421,0.001400,-13,14,-10323
421,0.001100,-11,12,311,-211
421,0.000600,-11,12,-321,111
421,0.001100,-13,14,311,-211
421,0.000600,-13,14,-321,111
421,0.000800,111,111
421,0.002000,113,111
421,0.000600,130,130
421,0.001500,211,-211
421,0.004000,213,-211
421,0.004000,-213,211
421,0.001000,221,111
421,0.001000,221,221
421,0.000600,310,310
421,0.021200,311,111
421,0.007100,311,221
421,0.021000,311,223
421,0.000400,313,311
421,0.001400,313,-313
421,0.008500,-313,111
421,0.014600,-313,113
421,0.019000,-313,221
421,0.011000,-313,223
421,0.000800,-313,311
421,0.000150,321,-211
421,0.004300,321,-321
421,0.038300,-321,211
421,0.003500,323,-321
421,0.061000,-323,213
421,0.001800,-323,321
421,0.001000,331,111
421,0.017200,331,311
421,0.002000,331,-313
421,0.000700,333,111
421,0.008600,333,311
421,0.007100,-10313,111
421,0.010700,-10323,211
421,0.073000,20213,-321
421,0.001000,111,111,111
421,0.006000,211,-211,111
421,0.027000,211,-211,130
421,0.027000,310,211,-211
421,0.000800,310,310,310
421,0.007800,311,111,111
421,0.011600,-313,111,111
421,0.022500,-313,211,-211
421,0.000500,321,-211,111
421,0.005100,321,-321,311
421,0.139000,-321,211,111
421,0.006000,-321,211,113
421,0.006800,-321,213,111
421,0.010000,-321,221,211
421,0.030300,-321,223,211
421,0.010000,-323,211,111
421,0.007500,331,-321,211
421,0.001100,333,211,-211
421,0.007300,211,211,-211,-211
421,0.005000,211,-211,111,111
421,0.014300,311,111,111,111
421,0.008500,311,211,-211,111
421,0.001500,311,311,111,111
421,0.001500,311,311,211,-211
421,0.003000,321,-321,111,111
421,0.002500,321,-321,211,-211
421,0.025750,-321,211,111,111
421,0.007400,-321,211,211,-211
421,0.017700,211,211,-211,-211,111
421,0.006000,211,-211,111,111,111
421,0.005800,311,211,211,-211,-211
421,0.063800,311,211,-211,111,111
421,0.003800,-321,211,111,111,111
421,0.003800,-321,211,211,-211,111
421,0.019200,311,211,-211,111,111,111
431,0.006160,-13,14
431,0.064000,-15,16
431,0.030700,-11,12,221
431,0.002700,-11,12,311
431,0.001000,-11,12,-313
431,0.010600,-11,12,331
431,0.024200,-11,12,333
431,0.030700,-13,14,221
431,0.002700,-13,14,311
431,0.001000,-13,14,-313
431,0.010600,-13,14,331
431,0.024200,-13,14,333
431,0.001000,211,111
431,0.000400,211,113
431,0.000400,213,111
431,0.021000,221,211
431,0.131040,221,213
431,0.003400,223,211
431,0.002300,225,211
431,0.004000,311,211
431,0.001500,311,213
431,0.007900,313,211
431,0.005000,313,213
431,0.001500,321,113
431,0.000200,321,221
431,0.044000,321,311
431,0.040000,321,-313
431,0.053000,323,311
431,0.070000,323,-313
431,0.047000,331,211
431,0.122000,331,213
431,0.000200,331,321
431,0.044000,333,211
431,0.082000,333,213
431,0.000300,333,321
431,0.002500,20213,311
431,0.010000,9010221,211
431,0.000050,211,111,111
431,0.000050,211,211,-211
431,0.015000,221,211,111
431,0.001000,311,211,111
431,0.005000,313,211,111
431,0.000200,321,221,111
431,0.003000,321,311,111
431,0.001200,321,-313,111
431,0.000200,321,321,-321
431,0.011000,321,-321,211
431,0.001200,323,311,111
431,0.004000,323,-313,111
431,0.015000,331,211,111
431,0.000200,331,321,111
431,0.010000,333,211,111
431,0.005000,221,211,111,111
431,0.005000,221,211,211,-211
431,0.000200,321,221,211,-211
431,0.001000,321,311,111,111
431,0.001000,321,311,211,-211
431,0.000200,331,321,211,-211
431,0.005000,333,211,111,111
431,0.008000,333,211,211,-211
431,0.004300,321,-321,211,211,-211
511,0.000133,12,-11,-211
511,0.000269,12,-11,-213
511,0.020700,12,-11,-411
511,0.057000,12,-11,-413
511,0.002300,12,-11,-415
511,0.004500,12,-11,-10411
511,0.005200,12,-11,-10413
511,0.008300,12,-11,-20413
511,0.000133,14,-13,-211
511,0.000269,14,-13,-213
511,0.020700,14,-13,-411
511,0.057000,14,-13,-413
511,0.002300,14,-13,-415
511,0.004500,14,-13,-10411
511,0.005200,14,-13,-10413
511,0.008300,14,-13,-20413
511,0.000060,16,-15,-211
511,0.000083,16,-15,-213
511,0.007000,16,-15,-411
511,0.016000,16,-15,-413
511,0.002000,16,-15,-415
511,0.001300,16,-15,-10411
511,0.001300,16,-15,-10413
511,0.000090,16,-15,-20213
511,0.002000,16,-15,-20413
511,0.001000,12,-11,-411,111
511,0.000300,12,-11,-413,111
511,0.002000,12,-11,-421,-211
511,0.000700,12,-11,-423,-211
511,0.001000,14,-13,-411,111
511,0.000300,14,-13,-413,111
511,0.002000,14,-13,-421,-211
511,0.000700,14,-13,-423,-211
511,0.000030,213,-213
511,0.000040,313,22
511,0.000010,313,113
511,0.000019,313,221
511,0.000018,321,-211
511,0.000013,323,-211
511,0.000020,323,-213
511,0.000032,331,130
511,0.000032,331,310
511,0.000011,333,313
511,0.000270,411,-411
511,0.002800,-411,211
511,0.007700,-411,213
511,0.000200,-411,321
511,0.000370,-411,323
511,0.000335,413,-411
511,0.000830,413,-413
511,0.002800,-413,211
511,0.006800,-413,213
511,0.000170,-413,321
511,0.000380,-413,323
511,0.000335,-413,411
511,0.000900,-415,211
511,0.002200,-415,213
511,0.000010,421,313
511,0.000290,-421,111
511,0.000290,-421,113
511,0.000220,-421,221
511,0.000250,-421,223
511,0.000040,-421,311
511,0.000040,-421,313
511,0.000170,-421,331
511,0.000010,423,313
511,0.000270,-423,111
511,0.000290,-423,113
511,0.000260,-423,221
511,0.000420,-423,223
511,0.000040,-423,311
511,0.000040,-423,313
511,0.000170,-423,331
511,0.000039,431,-211
511,0.000016,431,-213
511,0.009000,431,-411
511,0.012600,431,-413
511,0.004200,431,-415
511,0.000046,-431,321
511,0.000016,-431,323
511,0.000026,433,-211
511,0.000016,433,-213
511,0.009000,433,-411
511,0.024000,433,-413
511,0.004000,433,-415
511,0.000016,-433,321
511,0.000016,-433,323
511,0.000600,441,130
511,0.000600,441,310
511,0.001620,441,313
511,0.000022,443,111
511,0.000016,443,113
511,0.000440,443,130
511,0.000030,443,223
511,0.000440,443,310
511,0.000500,443,315
511,0.000030,445,313
511,0.000010,10113,311
511,0.000010,10213,-211
511,0.000010,-10213,211
511,0.000010,-10213,321
511,0.000010,10311,113
511,0.000010,10311,333
511,0.001500,10313,443
511,0.000020,10321,-213
511,0.000200,-10411,211
511,0.000600,-10413,211
511,0.000400,-10413,213
511,0.001200,-10413,431
511,0.002400,-10413,433
511,0.001600,10431,-411
511,0.001600,10431,-413
511,0.000150,10441,130
511,0.000150,10441,310
511,0.000300,10441,313
511,0.000010,20113,113
511,0.000010,20113,223
511,0.000010,20113,311
511,0.000020,20113,313
511,0.000050,20113,20113
511,0.000040,20213,-211
511,0.000010,20213,-213
511,0.008340,20213,-411
511,0.012000,20213,-413
511,0.000050,20213,-20213
511,0.000040,-20213,211
511,0.000010,-20213,213
511,0.000010,-20213,321
511,0.000020,-20213,323
511,0.000100,20313,443
511,0.000100,-20413,211
511,0.001300,-20413,213
511,0.000600,-20413,431
511,0.001200,-20413,433
511,0.004100,20433,-411
511,0.009800,20433,-413
511,0.000230,20443,130
511,0.000230,20443,310
511,0.000300,20443,313
511,0.000240,30443,130
511,0.000240,30443,310
511,0.000480,30443,313
511,0.000290,30443,10313
511,0.000240,100441,130
511,0.000240,100441,310
511,0.000660,100441,313
511,0.000330,100443,130
511,0.000330,100443,310
511,0.000660,100443,313
511,0.000400,100443,10313
511,0.000010,-9000211,213
511,0.000010,113,113,111
511,0.000024,211,-211,111
511,0.000010,213,-211,111
511,0.000010,213,-213,111
511,0.000010,-213,211,111
511,0.000017,221,211,-211
511,0.000010,223,113,111
511,0.000026,311,211,-211
511,0.000010,311,213,-211
511,0.000010,311,-213,211
511,0.000048,311,311,311
511,0.000010,313,113,111
511,0.000010,313,211,-211
511,0.000010,313,213,-211
511,0.000010,313,-213,211
511,0.000010,313,223,111
511,0.000010,321,-213,111
511,0.000020,321,221,-211
511,0.000010,321,-321,313
511,0.000010,323,-211,111
511,0.000010,323,-211,113
511,0.000010,323,-213,111
511,0.000010,323,223,-211
511,0.000010,323,-321,311
511,0.000010,-323,321,311
511,0.000010,333,311,111
511,0.000010,333,311,113
511,0.000010,333,311,223
511,0.000010,333,313,111
511,0.000010,333,321,-211
511,0.000010,333,321,-213
511,0.000010,333,323,-211
511,0.001500,411,-411,311
511,0.002500,411,-411,313
511,0.000500,-411,211,111
511,0.001100,-411,211,113
511,0.001100,-411,213,111
511,0.004700,413,-411,311
511,0.002500,413,-411,313
511,0.007000,413,-413,311
511,0.005000,413,-413,313
511,0.000800,-413,211,111
511,0.001000,-413,211,113
511,0.001000,-413,213,111
511,0.001800,-413,411,311
511,0.002500,-413,411,313
511,0.001700,421,-411,321
511,0.002500,421,-411,323
511,0.003100,421,-413,321
511,0.002500,421,-413,323
511,0.000500,421,-421,311
511,0.000500,421,-421,313
511,0.000500,-421,211,-211
511,0.004900,423,-411,321
511,0.002500,423,-411,323
511,0.010000,423,-413,321
511,0.005000,423,-413,323
511,0.000500,423,-421,313
511,0.001500,423,-423,311
511,0.001000,423,-423,313
511,0.000500,-423,111,111
511,0.000300,-423,211,-211
511,0.000500,-423,421,313
511,0.001800,431,-411,111
511,0.003700,431,-421,-211
511,0.001800,433,-411,111
511,0.003700,433,-421,-211
511,0.000100,441,311,111
511,0.000200,441,321,-211
511,0.000100,443,311,111
511,0.000200,443,321,-211
511,0.000090,443,333,311
511,0.000100,445,311,111
511,0.000200,445,321,-211
511,0.000010,10311,111,111
511,0.000010,10311,113,111
511,0.000010,10311,211,-211
511,0.000010,10311,213,-211
511,0.000010,10311,-213,211
511,0.000010,10311,321,-321
511,0.000010,10311,333,111
511,0.000010,10321,-211,111
511,0.000010,10321,-211,113
511,0.000010,10321,-213,111
511,0.000010,10321,-321,311
511,0.000010,10321,333,-211
511,0.000010,-10321,321,311
511,0.000100,10441,311,111
511,0.000200,10441,321,-211
511,0.000010,20113,111,111
511,0.000010,20113,211,-211
511,0.000010,20113,311,111
511,0.000010,20113,321,-211
511,0.000010,20213,-211,111
511,0.000010,20213,311,-211
511,0.000010,-20213,211,111
511,0.000010,-20213,311,211
511,0.000010,-20213,321,111
511,0.000200,20443,311,111
511,0.000400,20443,321,-211
511,0.000140,30443,311,111
511,0.000140,30443,321,-211
511,0.000050,100441,311,111
511,0.000080,100441,321,-211
511,0.000200,100443,311,111
511,0.000400,100443,321,-211
511,0.000010,9000111,113,111
511,0.000010,9000111,213,-211
511,0.000010,9000111,-213,211
511,0.000010,9000211,-211,113
511,0.000010,9000211,-213,111
511,0.000010,-9000211,211,113
511,0.000010,-9000211,213,111
511,0.000010,9010221,113,111
511,0.000010,9010221,213,-211
511,0.000010,9010221,-213,211
511,0.000010,9010221,223,111
511,0.000010,9010221,313,111
511,0.000010,9010221,323,-211
511,0.000010,9010221,333,311
511,0.000010,211,211,-211,-211
511,0.000010,211,-211,111,111
511,0.000010,311,111,111,111
511,0.000010,311,113,111,111
511,0.000010,311,211,-211,111
511,0.000010,311,211,-211,113
511,0.000010,311,213,-211,111
511,0.000010,311,-213,211,111
511,0.000010,311,223,111,111
511,0.000010,311,223,211,-211
511,0.000010,311,311,311,111
511,0.000010,313,111,111,111
511,0.000010,313,211,-211,111
511,0.000010,321,211,-211,-211
511,0.000010,321,-211,111,111
511,0.000010,321,-211,113,111
511,0.000010,321,213,-211,-211
511,0.000010,321,-213,111,111
511,0.000010,321,-213,211,-211
511,0.000010,321,223,-211,111
511,0.000010,321,313,311,-211
511,0.000010,321,-313,311,-211
511,0.000010,321,321,-321,-211
511,0.000010,321,321,-321,-213
511,0.000010,321,-321,311,111
511,0.000010,321,-321,311,113
511,0.000010,321,-321,311,223
511,0.000010,323,211,-211,-211
511,0.000010,323,-211,111,111
511,0.000010,323,311,311,-211
511,0.000010,323,321,-321,-211
511,0.000010,-323,321,321,-211
511,0.000010,333,311,111,111
511,0.000010,333,311,211,-211
511,0.000010,333,321,-211,111
511,0.001000,-411,211,111,111
511,0.002200,-411,211,211,-211
511,0.001000,-413,211,111,111
511,0.000100,-421,111,111,111
511,0.001000,-421,211,-211,111
511,0.000100,-423,111,111,111
511,0.001000,-423,211,-211,111
511,0.002200,431,-411,111,111
511,0.003000,431,-411,211,-211
511,0.002200,431,-421,-211,111
511,0.002200,433,-411,111,111
511,0.003000,433,-411,211,-211
511,0.002200,433,-421,-211,111
511,0.000100,441,311,111,111
511,0.000200,441,311,211,-211
511,0.000100,441,321,-211,111
511,0.000100,445,311,111,111
511,0.000200,445,311,211,-211
511,0.000100,445,321,-211,111
511,0.000010,10311,111,111,111
511,0.000010,10311,211,-211,111
511,0.000010,10311,311,311,111
511,0.000010,10311,321,311,-211
511,0.000010,10311,321,-321,111
511,0.000010,-10311,311,311,111
511,0.000010,-10311,321,311,-211
511,0.000010,10321,211,-211,-211
511,0.000010,10321,-211,111,111
511,0.000010,10321,311,311,-211
511,0.000010,10321,321,-321,-211
511,0.000010,-10321,321,321,-211
511,0.000100,10441,311,111,111
511,0.000200,10441,311,211,-211
511,0.000100,10441,321,-211,111
511,0.000200,20443,311,111,111
511,0.000400,20443,311,211,-211
511,0.000200,20443,321,-211,111
511,0.000070,30443,311,111,111
511,0.000140,30443,311,211,-211
511,0.000070,30443,321,-211,111
511,0.000050,100441,311,111,111
511,0.000080,100441,311,211,-211
511,0.000050,100441,321,-211,111
511,0.000100,100443,311,111,111
511,0.000200,100443,311,211,-211
511,0.000100,100443,321,-211,111
511,0.000010,9010221,321,-321,311
511,0.000010,311,311,311,111,111
511,0.000010,311,311,311,211,-211
511,0.000010,321,311,311,-211,111
511,0.000010,321,321,-321,-211,111
511,0.000010,321,-321,311,111,111
511,0.000010,321,-321,311,211,-211
511,0.005000,-3,1
511,0.011000,-4101,2101
511,0.022000,-4103,2103
511,0.003000,-4301,2101
511,0.006000,-4303,2103
511,0.000070,1,-1,-1,1
511,0.001800,1,-1,-3,1
511,0.003000,2,-1,-2,1
511,0.002050,2,-2,-1,1
511,0.002200,2,-2,-3,1
511,0.021000,2,-3,-4,1
511,0.018000,2,-4,-1,1
511,0.000900,2,-4,-3,1
511,0.000090,3,-3,-1,1
511,0.001500,3,-3,-3,1
511,0.006000,4,-1,-4,1
511,0.004000,4,-3,-2,1
511,0.074000,4,-3,-4,1
521,0.000093,16,-15
521,0.000072,12,-11,111
521,0.000145,12,-11,113
521,0.000084,12,-11,221
521,0.000145,12,-11,223
521,0.000084,12,-11,331
521,0.022400,12,-11,-421
521,0.061700,12,-11,-423
521,0.003000,12,-11,-425
521,0.004900,12,-11,-10421
521,0.005600,12,-11,-10423
521,0.009000,12,-11,-20423
521,0.000072,14,-13,111
521,0.000145,14,-13,113
521,0.000084,14,-13,221
521,0.000145,14,-13,223
521,0.000084,14,-13,331
521,0.022400,14,-13,-421
521,0.061700,14,-13,-423
521,0.003000,14,-13,-425
521,0.004900,14,-13,-10421
521,0.005600,14,-13,-10423
521,0.009000,14,-13,-20423
521,0.000030,16,-15,111
521,0.000042,16,-15,113
521,0.000012,16,-15,221
521,0.000042,16,-15,223
521,0.000020,16,-15,225
521,0.000018,16,-15,331
521,0.000020,16,-15,335
521,0.007000,16,-15,-421
521,0.016000,16,-15,-423
521,0.002000,16,-15,-425
521,0.000027,16,-15,10113
521,0.000013,16,-15,10223
521,0.000013,16,-15,10333
521,0.001300,16,-15,-10421
521,0.001300,16,-15,-10423
521,0.000046,16,-15,20113
521,0.000023,16,-15,20223
521,0.000023,16,-15,20333
521,0.002000,16,-15,-20423
521,0.001900,12,-11,-411,211
521,0.000600,12,-11,-413,211
521,0.001000,12,-11,-421,111
521,0.000300,12,-11,-423,111
521,0.001900,14,-13,-411,211
521,0.000600,14,-13,-413,211
521,0.001000,14,-13,-421,111
521,0.000300,14,-13,-423,111
521,0.000012,211,130
521,0.000012,213,111
521,0.000015,213,113
521,0.000013,223,213
521,0.000012,310,211
521,0.000010,313,213
521,0.000012,321,111
521,0.000040,323,22
521,0.000010,323,113
521,0.000024,323,221
521,0.000078,331,321
521,0.000011,333,323
521,0.000011,411,311
521,0.005000,-421,211
521,0.013400,-421,213
521,0.000410,-421,321
521,0.000610,-421,323
521,0.000270,-421,411
521,0.000335,-421,413
521,0.004600,-423,211
521,0.009800,-423,213
521,0.000360,-423,321
521,0.000770,-423,323
521,0.000335,-423,411
521,0.001040,-423,413
521,0.000800,-425,211
521,0.003800,-425,213
521,0.000020,431,111
521,0.000028,431,113
521,0.012900,431,-421
521,0.012400,431,-423
521,0.004200,431,-425
521,0.000020,433,111
521,0.000028,433,113
521,0.011100,433,-421
521,0.027800,433,-423
521,0.004000,433,-425
521,0.000900,441,321
521,0.001200,441,323
521,0.000040,443,211
521,0.000060,443,213
521,0.001060,443,321
521,0.001430,443,323
521,0.000500,443,325
521,0.000020,445,321
521,0.000010,10113,211
521,0.000010,10113,321
521,0.000010,10213,111
521,0.000010,10213,311
521,0.000070,10311,211
521,0.000010,10311,213
521,0.000010,10321,113
521,0.000010,10321,333
521,0.001800,10323,443
521,0.000910,-10421,211
521,0.001000,-10423,211
521,0.000700,-10423,213
521,0.001200,-10423,431
521,0.002400,-10423,433
521,0.001600,10431,-421
521,0.001600,10431,-423
521,0.000300,10441,321
521,0.000400,10441,323
521,0.000040,20113,211
521,0.000010,20113,321
521,0.000020,20113,323
521,0.000040,20213,111
521,0.000010,20213,113
521,0.000010,20213,223
521,0.000010,20213,311
521,0.000020,20213,313
521,0.008870,20213,-421
521,0.015970,20213,-423
521,0.000050,20213,20113
521,0.000100,20323,443
521,0.000750,-20423,211
521,0.002200,-20423,213
521,0.000600,-20423,431
521,0.001200,-20423,433
521,0.004100,20433,-421
521,0.009800,20433,-423
521,0.000570,20443,321
521,0.000290,20443,323
521,0.000480,30443,321
521,0.000500,30443,323
521,0.000300,30443,10323
521,0.000360,100441,321
521,0.000480,100441,323
521,0.000630,100443,321
521,0.000600,100443,323
521,0.000400,100443,10323
521,0.000010,9000111,213
521,0.000010,9010221,213
521,0.000010,9010221,323
521,0.000010,9010221,20213
521,0.000026,211,111,111
521,0.000010,211,113,111
521,0.000010,211,113,113
521,0.000016,211,211,-211
521,0.000010,213,111,111
521,0.000010,213,113,111
521,0.000010,213,211,-211
521,0.000010,213,-213,211
521,0.000010,-213,211,211
521,0.000010,223,211,111
521,0.000010,223,211,113
521,0.000010,223,213,111
521,0.000010,311,213,111
521,0.000010,313,211,111
521,0.000010,313,211,113
521,0.000010,313,213,111
521,0.000010,313,223,211
521,0.000010,321,213,-211
521,0.000010,321,-213,211
521,0.000048,321,311,311
521,0.000010,321,313,311
521,0.000010,321,-313,311
521,0.000026,321,321,-321
521,0.000010,323,111,111
521,0.000010,323,113,111
521,0.000010,323,211,-211
521,0.000010,323,213,-211
521,0.000010,323,-213,211
521,0.000010,323,223,111
521,0.000010,323,311,311
521,0.000010,323,321,-321
521,0.000010,-323,321,321
521,0.000010,333,311,211
521,0.000010,333,311,213
521,0.000010,333,321,111
521,0.000010,333,321,113
521,0.000010,333,321,223
521,0.000010,333,323,111
521,0.000500,411,-411,321
521,0.000500,411,-411,323
521,0.001020,-411,211,211
521,0.002000,-411,213,211
521,0.000500,413,-411,321
521,0.000500,413,-411,323
521,0.001500,413,-413,321
521,0.001000,413,-413,323
521,0.001250,-413,211,211
521,0.002000,-413,213,211
521,0.001500,-413,411,321
521,0.000500,-413,411,323
521,0.001500,421,-421,321
521,0.002500,421,-421,323
521,0.000500,-421,211,111
521,0.002100,-421,211,113
521,0.001700,-421,411,311
521,0.002500,-421,411,313
521,0.004900,-421,413,311
521,0.002500,-421,413,313
521,0.004700,423,-421,321
521,0.002500,423,-421,323
521,0.007000,423,-423,321
521,0.005000,423,-423,323
521,0.000500,-423,211,111
521,0.000500,-423,211,113
521,0.000500,-423,213,111
521,0.003100,-423,411,311
521,0.002500,-423,411,313
521,0.010000,-423,413,311
521,0.005000,-423,413,313
521,0.001800,-423,421,321
521,0.002500,-423,421,323
521,0.003600,431,-411,211
521,0.001800,431,-421,111
521,0.003700,433,-411,211
521,0.001800,433,-421,111
521,0.000200,441,311,211
521,0.000100,441,321,111
521,0.000200,443,311,211
521,0.000100,443,321,111
521,0.000090,443,333,321
521,0.000200,445,311,211
521,0.000100,445,321,111
521,0.000010,10311,211,111
521,0.000010,10311,211,113
521,0.000010,10311,213,111
521,0.000010,10311,321,311
521,0.000010,10311,333,211
521,0.000010,-10311,321,311
521,0.000010,10321,111,111
521,0.000010,10321,113,111
521,0.000010,10321,213,-211
521,0.000010,10321,321,-321
521,0.000010,10321,333,111
521,0.000010,-10321,321,321
521,0.000200,10441,311,211
521,0.000100,10441,321,111
521,0.000010,20113,211,111
521,0.000010,20113,311,211
521,0.000010,20113,321,111
521,0.000010,20213,111,111
521,0.000010,20213,211,-211
521,0.000010,20213,311,111
521,0.000010,20213,321,-211
521,0.000010,-20213,211,211
521,0.000400,20443,311,211
521,0.000200,20443,321,111
521,0.000300,30443,311,211
521,0.000200,30443,321,111
521,0.000080,100441,311,211
521,0.000050,100441,321,111
521,0.000400,100443,311,211
521,0.000200,100443,321,111
521,0.000010,9000111,213,111
521,0.000010,9000211,113,111
521,0.000010,9000211,-213,211
521,0.000010,9010221,211,111
521,0.000010,9010221,211,113
521,0.000010,9010221,213,111
521,0.000010,9010221,223,211
521,0.000010,9010221,313,211
521,0.000010,9010221,323,111
521,0.000010,9010221,333,321
521,0.000010,211,111,111,111
521,0.000010,211,211,-211,111
521,0.000010,311,211,111,111
521,0.000010,311,211,113,111
521,0.000010,311,211,211,-211
521,0.000010,311,213,111,111
521,0.000010,311,213,211,-211
521,0.000010,311,-213,211,211
521,0.000010,311,223,211,111
521,0.000010,311,311,311,211
521,0.000010,313,211,111,111
521,0.000010,313,211,211,-211
521,0.000010,321,111,111,111
521,0.000010,321,113,111,111
521,0.000010,321,211,-211,111
521,0.000010,321,213,-211,111
521,0.000010,321,-213,211,111
521,0.000010,321,223,111,111
521,0.000010,321,311,311,111
521,0.000010,321,313,311,111
521,0.000010,321,-313,311,111
521,0.000010,321,321,-321,111
521,0.000010,321,321,-321,113
521,0.000010,321,321,-321,223
521,0.000010,321,-321,311,211
521,0.000010,321,-321,311,213
521,0.000010,323,111,111,111
521,0.000010,323,211,-211,111
521,0.000010,323,311,311,111
521,0.000010,323,321,-321,111
521,0.000010,-323,321,321,111
521,0.000010,333,311,211,111
521,0.000010,333,321,111,111
521,0.000010,333,321,211,-211
521,0.002000,-411,211,211,111
521,0.015000,-413,211,211,111
521,0.005000,-421,211,211,-211
521,0.000500,-423,211,111,111
521,0.000500,-423,211,211,-211
521,0.003300,431,-411,211,111
521,0.000800,431,-421,111,111
521,0.003300,431,-421,211,-211
521,0.003300,433,-411,211,111
521,0.000800,433,-421,111,111
521,0.003300,433,-421,211,-211
521,0.000100,441,311,211,111
521,0.000100,441,321,111,111
521,0.000200,441,321,211,-211
521,0.000100,445,311,211,111
521,0.000100,445,321,111,111
521,0.000200,445,321,211,-211
521,0.000010,10311,211,111,111
521,0.000010,10311,211,211,-211
521,0.000010,10311,321,311,111
521,0.000010,10311,321,-321,211
521,0.000010,-10311,311,311,211
521,0.000010,-10311,321,311,111
521,0.000010,-10311,321,321,-211
521,0.000010,10321,111,111,111
521,0.000010,10321,321,-321,111
521,0.000010,-10321,321,321,111
521,0.000100,10441,311,211,111
521,0.000100,10441,321,111,111
521,0.000200,10441,321,211,-211
521,0.000010,20313,321,311,111
521,0.000010,-20313,321,311,111
521,0.000200,20443,311,211,111
521,0.000200,20443,321,111,111
521,0.000400,20443,321,211,-211
521,0.000100,30443,311,211,111
521,0.000100,30443,321,111,111
521,0.000200,30443,321,211,-211
521,0.000050,100441,311,211,111
521,0.000050,100441,321,111,111
521,0.000080,100441,321,211,-211
521,0.000100,100443,311,211,111
521,0.000100,100443,321,111,111
521,0.000200,100443,321,211,-211
521,0.000010,9010221,321,321,-321
521,0.000010,311,311,311,211,111
521,0.000010,321,311,311,111,111
521,0.000010,321,321,-321,111,111
521,0.000010,321,-321,311,211,111
521,0.005000,-3,2
521,0.033000,-4103,2203
521,0.009000,-4303,2203
521,0.000070,1,-1,-1,2
521,0.001800,1,-1,-3,2
521,0.003000,2,-1,-2,2
521,0.002050,2,-2,-1,2
521,0.002200,2,-2,-3,2
521,0.022500,2,-3,-4,2
521,0.000090,3,-3,-1,2
521,0.001500,3,-3,-3,2
521,0.004000,4,-1,-4,2
521,0.004000,4,-3,-2,2
521,0.074000,4,-3,-4,2
531,0.000200,12,-11,-321
531,0.000300,12,-11,-323
531,0.021000,12,-11,-431
531,0.049000,12,-11,-433
531,0.007000,12,-11,-435
531,0.000300,12,-11,-10323
531,0.004000,12,-11,-10431
531,0.007000,12,-11,-10433
531,0.000200,12,-11,-20323
531,0.004000,12,-11,-20433
531,0.000200,14,-13,-321
531,0.000300,14,-13,-323
531,0.021000,14,-13,-431
531,0.049000,14,-13,-433
531,0.007000,14,-13,-435
531,0.000300,14,-13,-10323
531,0.004000,14,-13,-10431
531,0.007000,14,-13,-10433
531,0.000200,14,-13,-20323
531,0.004000,14,-13,-20433
531,0.008000,16,-15,-431
531,0.016000,16,-15,-433
531,0.002800,16,-15,-435
531,0.001800,16,-15,-10431
531,0.002800,16,-15,-10433
531,0.001800,16,-15,-20433
531,0.000010,130,130
531,0.000010,310,310
531,0.000018,321,-321
531,0.000012,-321,213
531,0.000025,-323,211
531,0.000020,-323,213
531,0.000025,331,221
531,0.000058,331,331
531,0.000045,333,22
531,0.000021,333,221
531,0.000013,333,331
531,0.000200,-421,311
531,0.000200,-421,-313
531,0.000200,-423,311
531,0.000200,-423,-313
531,0.001700,431,-411
531,0.001700,431,-413
531,0.008600,431,-431
531,0.002600,-431,211
531,0.007300,-431,213
531,0.000150,-431,321
531,0.000300,-431,323
531,0.001700,433,-411
531,0.001700,433,-413
531,0.019700,433,-433
531,0.002700,-433,211
531,0.007000,-433,213
531,0.000150,-433,321
531,0.000300,-433,323
531,0.001300,-435,211
531,0.000400,441,221
531,0.000800,441,331
531,0.001500,441,333
531,0.000320,443,221
531,0.000080,443,311
531,0.000640,443,331
531,0.001350,443,333
531,0.000235,445,221
531,0.000465,445,331
531,0.000050,10441,221
531,0.000100,10441,331
531,0.000200,10441,333
531,0.000235,10443,221
531,0.000465,10443,331
531,0.001000,10443,333
531,0.008500,20213,-431
531,0.012200,20213,-433
531,0.000800,-20433,211
531,0.002100,-20433,213
531,0.000300,20443,221
531,0.000700,20443,331
531,0.001400,20443,333
531,0.000200,100441,221
531,0.000400,100441,331
531,0.000600,100441,333
531,0.000235,100443,221
531,0.000465,100443,331
531,0.001200,100443,333
531,0.000700,411,-411,311
531,0.000700,413,-411,311
531,0.000700,421,411,-321
531,0.000700,-421,413,-321
531,0.009600,431,-411,311
531,0.009600,431,421,-321
531,0.000900,-431,211,113
531,0.000900,-431,213,111
531,0.002000,-431,411,311
531,0.002500,-431,411,313
531,0.005000,-431,413,311
531,0.002500,-431,413,313
531,0.002000,-431,421,321
531,0.002500,-431,421,323
531,0.005000,-431,423,321
531,0.002500,-431,423,323
531,0.009600,433,-411,311
531,0.009600,433,-421,-321
531,0.001000,-433,211,113
531,0.001000,-433,213,111
531,0.005000,-433,411,311
531,0.005000,-433,411,313
531,0.015000,-433,413,311
531,0.003000,-433,413,313
531,0.005000,-433,421,321
531,0.005000,-433,421,323
531,0.015000,-433,423,321
531,0.003000,-433,423,323
531,0.000280,441,311,311
531,0.000280,441,321,-321
531,0.000200,443,111,111
531,0.000200,443,211,-211
531,0.000700,443,311,311
531,0.000700,443,321,-321
531,0.000160,445,311,311
531,0.000160,445,321,-321
531,0.000030,10441,311,311
531,0.000030,10441,321,-321
531,0.000160,10443,311,311
531,0.000160,10443,321,-321
531,0.000260,20443,311,311
531,0.000260,20443,321,-321
531,0.000120,100441,311,311
531,0.000120,100441,321,-321
531,0.000200,100443,111,111
531,0.000200,100443,211,-211
531,0.000300,100443,311,311
531,0.000300,100443,321,-321
531,0.000300,411,-411,311,111
531,0.000300,411,-411,-321,211
531,0.000300,413,-411,311,111
531,0.000300,413,-411,-321,211
531,0.000700,-421,411,311,-211
531,0.000700,-421,411,-321,111
531,0.000700,-421,413,311,-211
531,0.000700,-421,413,-321,111
531,0.002400,431,-411,311,111
531,0.004800,431,-411,-321,211
531,0.004800,431,-421,311,-211
531,0.002400,431,-421,-321,111
531,0.000900,-431,211,111,111
531,0.000900,-431,211,211,-211
531,0.002400,433,-411,311,111
531,0.004800,433,-411,-321,211
531,0.004800,433,-421,311,-211
531,0.002400,433,-421,-321,111
531,0.001000,-433,211,111,111
531,0.007700,-433,211,211,-211
531,0.000100,441,221,111,111
531,0.000100,441,221,211,-211
531,0.000280,441,311,311,111
531,0.000280,441,321,-321,111
531,0.000280,441,-321,311,211
531,0.000200,441,331,111,111
531,0.000200,441,331,211,-211
531,0.000400,441,333,111,111
531,0.000400,441,333,211,-211
531,0.000200,443,221,111,111
531,0.000200,443,221,211,-211
531,0.000700,443,311,311,111
531,0.000700,443,321,-321,111
531,0.000700,443,-321,311,211
531,0.000400,443,331,111,111
531,0.000400,443,331,211,-211
531,0.000390,443,333,111,111
531,0.000390,443,333,211,-211
531,0.000160,445,311,311,111
531,0.000160,445,321,-321,111
531,0.000160,445,-321,311,211
531,0.000030,10441,311,311,111
531,0.000030,10441,321,-321,111
531,0.000030,10441,-321,311,211
531,0.000160,10443,311,311,111
531,0.000160,10443,321,-321,111
531,0.000160,10443,-321,311,211
531,0.000100,20443,221,111,111
531,0.000100,20443,221,211,-211
531,0.000260,20443,311,311,111
531,0.000260,20443,321,-321,111
531,0.000260,20443,-321,311,211
531,0.000200,20443,331,111,111
531,0.000200,20443,331,211,-211
531,0.000400,20443,333,111,111
531,0.000400,20443,333,211,-211
531,0.000120,100441,311,311,111
531,0.000120,100441,321,-321,111
531,0.000120,100441,-321,311,211
531,0.000200,100443,221,111,111
531,0.000200,100443,221,211,-211
531,0.000300,100443,311,311,111
531,0.000300,100443,321,-321,111
531,0.000300,100443,-321,311,211
531,0.000400,100443,331,111,111
531,0.000400,100443,331,211,-211
531,0.000340,100443,333,111,111
531,0.000340,100443,333,211,-211
531,0.005000,-3,3
531,0.020000,-4301,2101
531,0.040000,-4303,2103
531,0.000700,1,-1,-1,3
531,0.001600,1,-1,-3,3
531,0.357434,2,-1,-4,3
531,0.003600,2,-2,-1,3
531,0.002000,2,-2,-3,3
531,0.017200,2,-3,-4,3
531,0.019500,2,-4,-1,3
531,0.000900,2,-4,-3,3
531,0.000900,3,-3,-1,3
531,0.001300,3,-3,-3,3
531,0.007000,4,-1,-4,3
531,0.004000,4,-3,-2,3
541,0.016000,16,-15
541,0.003400,-11,12,511
541,0.005800,-11,12,513
541,0.040300,-11,12,531
541,0.050600,-11,12,533
541,0.000040,12,-11,421
541,0.000180,12,-11,423
541,0.007500,12,-11,441
541,0.019000,12,-11,443
541,0.000200,12,-11,100441
541,0.000940,12,-11,100443
541,0.003400,-13,14,511
541,0.005800,-13,14,513
541,0.040300,-13,14,531
541,0.050600,-13,14,533
541,0.000040,14,-13,421
541,0.000180,14,-13,423
541,0.007500,14,-13,441
541,0.019000,14,-13,443
541,0.000200,14,-13,100441
541,0.000940,14,-13,100443
541,0.000020,16,-15,421
541,0.000080,16,-15,423
541,0.002300,16,-15,441
541,0.004800,16,-15,443
541,0.000016,16,-15,100441
541,0.000080,16,-15,100443
541,0.000020,211,113
541,0.000053,-421,411
541,0.000049,-421,413
541,0.000075,-423,411
541,0.000330,-423,413
541,0.000040,433,423
541,0.000026,433,-423
541,0.002000,441,211
541,0.004200,441,213
541,0.000130,441,321
541,0.000200,441,323
541,0.000150,441,411
541,0.000100,441,413
541,0.002800,441,431
541,0.002700,441,433
541,0.001300,443,211
541,0.004000,443,213
541,0.000110,443,321
541,0.000220,443,323
541,0.000090,443,411
541,0.000280,443,413
541,0.001700,443,431
541,0.006700,443,433
541,0.010600,511,211
541,0.009600,511,213
541,0.000700,511,321
541,0.000150,511,323
541,0.009500,513,211
541,0.025700,513,213
541,0.000550,513,321
541,0.000580,513,323
541,0.000370,521,111
541,0.000340,521,113
541,0.019800,521,311
541,0.000330,523,111
541,0.000900,523,113
541,0.016000,523,311
541,0.164000,531,211
541,0.072000,531,213
541,0.010600,531,321
541,0.065000,533,211
541,0.202000,533,213
541,0.003700,533,321
541,0.060050,4,-3
2112,1.000000,-12,11,2212
3112,0.998476,2112,-211
3112,0.001017,-12,11,2112
3112,0.000450,-14,13,2112
3112,0.000057,-12,11,3122
3122,0.639167,2212,-211
3122,0.358094,2112,111
3122,0.001751,2112,22
3122,0.000832,-12,11,2212
3122,0.000157,-14,13,2212
3222,0.515674,2212,111
3222,0.483076,2112,211
3222,0.001230,2212,22
3222,0.000020,-11,12,3122
3312,0.998873,3122,-211
3312,0.000127,3112,22
3312,0.000563,-12,11,3122
3312,0.000350,-14,13,3122
3312,0.000087,-12,11,3212
3322,0.995242,3122,111
3322,0.001170,3122,22
3322,0.003330,3212,22
3322,0.000253,-12,11,3222
3334,0.673795,3122,-321
3334,0.234537,3322,-211
3334,0.085467,3312,111
3334,0.000636,3324,-211
3334,0.005565,-12,11,3322
4122,0.003000,-11,12,2112
4122,0.002000,-11,12,2114
4122,0.018000,-11,12,3122
4122,0.005000,-11,12,3212
4122,0.005000,-11,12,3214
4122,0.003000,-13,14,2112
4122,0.002000,-13,14,2114
4122,0.018000,-13,14,3122
4122,0.005000,-13,14,3212
4122,0.005000,-13,14,3214
4122,0.006000,-11,12,2112,111
4122,0.006000,-11,12,2212,-211
4122,0.006000,-13,14,2112,111
4122,0.006000,-13,14,2212,-211
4122,0.003000,2112,211
4122,0.003000,2112,213
4122,0.003000,2114,211
4122,0.003000,2114,213
4122,0.002000,2212,111
4122,0.002000,2212,113
4122,0.001000,2212,221
4122,0.002000,2212,223
4122,0.023000,2212,311
4122,0.040000,2212,-313
4122,0.001000,2212,331
4122,0.001300,2212,333
4122,0.001000,2214,111
4122,0.001000,2214,113
4122,0.001000,2214,221
4122,0.001000,2214,223
4122,0.005000,2214,311
4122,0.005000,2214,-313
4122,0.001000,2214,331
4122,0.001000,2224,-211
4122,0.001000,2224,-213
4122,0.006600,2224,-321
4122,0.025000,2224,-323
4122,0.005800,3122,211
4122,0.005000,3122,213
4122,0.005000,3122,321
4122,0.005000,3122,323
4122,0.005500,3212,211
4122,0.004000,3212,213
4122,0.002000,3212,321
4122,0.002000,3212,323
4122,0.004000,3214,211
4122,0.004000,3214,213
4122,0.001000,3214,321
4122,0.001000,3214,323
4122,0.004000,3222,111
4122,0.004000,3222,113
4122,0.002000,3222,221
4122,0.004000,3222,223
4122,0.002000,3222,311
4122,0.002000,3222,313
4122,0.002000,3222,331
4122,0.003000,3224,111
4122,0.003000,3224,113
4122,0.002000,3224,221
4122,0.003000,3224,223
4122,0.001000,3224,311
4122,0.001000,3224,313
4122,0.002000,3322,321
4122,0.002000,3322,323
4122,0.002000,3324,321
4122,0.001800,9010221,2212
4122,0.030000,1,2203
4122,0.015000,2,2101
4122,0.015000,2,2103
4122,0.140000,2,3201
4122,0.140000,2,3203
4122,0.095000,3,2203
4122,0.035000,2,-1,1,2101
4122,0.130000,2,-1,1,3201
4122,0.057000,2,-1,1,3203
4122,0.035000,2,-3,1,3201
4132,0.020000,-11,12,3,3101
4132,0.005000,-11,12,3,3103
4132,0.020000,-13,14,3,3101
4132,0.005000,-13,14,3,3103
4132,0.540000,2,-1,3,3101
4132,0.210000,3,3201
4132,0.100000,3,3203
4132,0.100000,2,3303
4232,0.028000,-11,12,3,3201
4232,0.007000,-11,12,3,3203
4232,0.028000,-13,14,3,3201
4232,0.007000,-13,14,3,3203
4232,0.930000,2,-1,3,3201
4332,0.018000,-11,12,3,3303
4332,0.018000,-13,14,3,3303
4332,0.964000,2,-1,3,3303
4412,0.080000,-11,12,3,81
4412,0.080000,-13,14,3,81
4412,0.760000,2,-1,3,81
4412,0.080000,2,-3,3,81
4414,0.080000,-11,12,3,81
4414,0.080000,-13,14,3,81
4414,0.760000,2,-1,3,81
4414,0.080000,2,-3,3,81
4422,0.080000,-11,12,3,81
4422,0.080000,-13,14,3,81
4422,0.760000,2,-1,3,81
4422,0.080000,2,-3,3,81
4424,0.080000,-11,12,3,81
4424,0.080000,-13,14,3,81
4424,0.760000,2,-1,3,81
4424,0.080000,2,-3,3,81
4432,0.080000,-11,12,3,81
4432,0.080000,-13,14,3,81
4432,0.760000,2,-1,3,81
4432,0.080000,2,-3,3,81
4434,0.080000,-11,12,3,81
4434,0.080000,-13,14,3,81
4434,0.760000,2,-1,3,81
4434,0.080000,2,-3,3,81
4444,0.080000,-11,12,3,81
4444,0.080000,-13,14,3,81
4444,0.760000,2,-1,3,81
4444,0.080000,2,-3,3,81
5122,0.054600,-12,11,4122
5122,0.009600,-12,11,4124
5122,0.012800,-12,11,14122
5122,0.054600,-14,13,4122
5122,0.009600,-14,13,4124
5122,0.012800,-14,13,14122
5122,0.017200,-16,15,4122
5122,0.003200,-16,15,4124
5122,0.004300,-16,15,14122
5122,0.000800,2112,421
5122,0.000018,2212,-321
5122,0.000065,3122,22
5122,0.000020,3122,333
5122,0.000800,3122,-421
5122,0.001000,3122,441
5122,0.000470,3122,443
5122,0.000059,3124,22
5122,0.000600,4112,111
5122,0.000400,4112,221
5122,0.000500,4112,331
5122,0.040000,4122,-211
5122,0.010000,4122,-213
5122,0.000550,4122,-321
5122,0.022000,4122,-431
5122,0.044000,4122,-433
5122,0.000300,4132,311
5122,0.000600,4212,-211
5122,0.000500,4312,311
5122,0.020000,-20213,4122
5122,0.000057,23122,22
5122,0.000056,33122,22
5122,0.000380,100443,3122
5122,0.022000,4122,211,-211,-211
5122,0.020000,3122,311,211,211,-211,-211
5122,0.012000,-2,1,2,2101
5122,0.441115,-2,1,4,2101
5122,0.091000,-2,4,1,2101
5122,0.012000,-4,3,2,2101
5122,0.080000,-4,3,4,2101
5132,0.108001,-12,11,4,3101
5132,0.002000,-12,11,2,3101
5132,0.108000,-14,13,4,3101
5132,0.002000,-14,13,2,3101
5132,0.025000,-16,15,4,3101
5132,0.001000,-16,15,4,3101
5132,0.001000,443,3312
5132,0.000437,100443,3312
5132,0.000471,20443,3312
5132,0.000090,445,3312
5132,0.000490,441,3312
5132,0.001500,443,3314
5132,0.000656,100443,3314
5132,0.000706,20443,3314
5132,0.000135,445,3314
5132,0.000735,441,3314
5132,0.001200,443,-321,3122
5132,0.000524,100443,-321,3122
5132,0.000565,20443,-321,3122
5132,0.000108,445,-321,3122
5132,0.000588,441,-321,3122
5132,0.000600,443,-311,3112
5132,0.000262,100443,-311,3112
5132,0.000283,20443,-311,3112
5132,0.000054,445,-311,3112
5132,0.000294,441,-311,3112
5132,0.003820,443,3,3101
5132,0.001669,100443,3,3101
5132,0.001799,20443,3,3101
5132,0.000344,445,3,3101
5132,0.001872,441,3,3101
5132,0.109677,-2,1,4,3101
5132,0.263225,-2,4,1,3101
5132,0.065806,-2,1,4,3101
5132,0.005772,-2,3,4,3101
5132,0.013854,-2,4,3,3101
5132,0.003463,-2,3,4,3101
5132,0.009000,-2,1,2,3101
5132,0.006000,-2,2,1,3101
5132,0.023000,-431,4,3101
5132,0.023000,-433,4,3101
5132,0.013000,-431,4132
5132,0.009000,-431,4314
5132,0.009000,-433,4132
5132,0.023000,-433,4314
5132,0.008000,-421,-321,4,3101
5132,0.008000,-411,-311,4,3101
5132,0.032000,-423,-321,4,3101
5132,0.032000,-413,-311,4,3101
5132,0.077000,4122,-2203,3101
5142,0.105000,-12,11,4,81
5142,0.105000,-14,13,4,81
5142,0.040000,-16,15,4,81
5142,0.500000,-2,1,4,81
5142,0.080000,-2,4,1,81
5142,0.140000,-4,3,4,81
5142,0.010000,-4,4,3,81
5142,0.015000,-2,1,2,81
5142,0.005000,-4,3,2,81
5232,0.108001,-12,11,4,3201
5232,0.002000,-12,11,2,3201
5232,0.108000,-14,13,4,3201
5232,0.002000,-14,13,2,3201
5232,0.025000,-16,15,4,3201
5232,0.001000,-16,15,4,3201
5232,0.001000,443,3322
5232,0.000437,100443,3322
5232,0.000471,20443,3322
5232,0.000090,445,3322
5232,0.000490,441,3322
5232,0.001500,443,3324
5232,0.000656,100443,3324
5232,0.000706,20443,3324
5232,0.000135,445,3324
5232,0.000735,441,3324
5232,0.001200,443,-321,3222
5232,0.000524,100443,-321,3222
5232,0.000565,20443,-321,3222
5232,0.000108,445,-321,3222
5232,0.000588,441,-321,3222
5232,0.000600,443,-311,3212
5232,0.000262,100443,-311,3212
5232,0.000283,20443,-311,3212
5232,0.000054,445,-311,3212
5232,0.000294,441,-311,3212
5232,0.003820,443,3,3201
5232,0.001669,100443,3,3201
5232,0.001799,20443,3,3201
5232,0.000344,445,3,3201
5232,0.001872,441,3,3201
5232,0.109677,-2,1,4,3201
5232,0.263225,-2,4,1,3201
5232,0.065806,-2,1,4,3201
5232,0.005772,-2,3,4,3201
5232,0.013854,-2,4,3,3201
5232,0.003463,-2,3,4,3201
5232,0.009000,-2,1,2,3201
5232,0.006000,-2,2,1,3201
5232,0.023000,-431,4,3201
5232,0.023000,-433,4,3201
5232,0.013000,-431,4232
5232,0.009000,-431,4324
5232,0.009000,-433,4232
5232,0.023000,-433,4324
5232,0.008000,-421,-321,4,3201
5232,0.008000,-411,-311,4,3201
5232,0.032000,-423,-321,4,3201
5232,0.032000,-413,-311,4,3201
5232,0.077000,4122,-2203,3201
5242,0.105000,-12,11,4,81
5242,0.105000,-14,13,4,81
5242,0.040000,-16,15,4,81
5242,0.500000,-2,1,4,81
5242,0.080000,-2,4,1,81
5242,0.140000,-4,3,4,81
5242,0.010000,-4,4,3,81
5242,0.015000,-2,1,2,81
5242,0.005000,-4,3,2,81
5332,0.108001,-12,11,4,3303
5332,0.002000,-12,11,2,3303
5332,0.108000,-14,13,4,3303
5332,0.002000,-14,13,2,3303
5332,0.025000,-16,15,4,3303
5332,0.001000,-16,15,4,3303
5332,0.002500,443,3334
5332,0.001093,100443,3334
5332,0.001177,20443,3334
5332,0.000225,445,3334
5332,0.001225,441,3334
5332,0.001200,443,-321,3322
5332,0.000524,100443,-321,3322
5332,0.000565,20443,-321,3322
5332,0.000108,445,-321,3322
5332,0.000588,441,-321,3322
5332,0.000600,443,-311,3312
5332,0.000262,100443,-311,3312
5332,0.000283,20443,-311,3312
5332,0.000054,445,-311,3312
5332,0.000294,441,-311,3312
5332,0.003820,443,3,3303
5332,0.001669,100443,3,3303
5332,0.001799,20443,3,3303
5332,0.000344,445,3,3303
5332,0.001872,441,3,3303
5332,0.109677,-2,1,4,3303
5332,0.263225,-2,4,1,3303
5332,0.065806,-2,1,4,3303
5332,0.005772,-2,3,4,3303
5332,0.013854,-2,4,3,3303
5332,0.003463,-2,3,4,3303
5332,0.009000,-2,1,2,3303
5332,0.006000,-2,2,1,3303
5332,0.023000,-431,4,3303
5332,0.023000,-433,4,3303
5332,0.013000,-431,4332
5332,0.009000,-431,4334
5332,0.009000,-433,4332
5332,0.023000,-433,4334
5332,0.008000,-421,-321,4,3303
5332,0.008000,-411,-311,4,3303
5332,0.032000,-423,-321,4,3303
5332,0.032000,-413,-311,4,3303
5332,0.077000,4122,-2203,3303
5342,0.105000,-12,11,4,81
5342,0.105000,-14,13,4,81
5342,0.040000,-16,15,4,81
5342,0.500000,-2,1,4,81
5342,0.080000,-2,4,1,81
5342,0.140000,-4,3,4,81
5342,0.010000,-4,4,3,81
5342,0.015000,-2,1,2,81
5342,0.005000,-4,3,2,81
5412,0.105000,-12,11,4,81
5412,0.105000,-14,13,4,81
5412,0.040000,-16,15,4,81
5412,0.500000,-2,1,4,81
5412,0.080000,-2,4,1,81
5412,0.140000,-4,3,4,81
5412,0.010000,-4,4,3,81
5412,0.015000,-2,1,2,81
5412,0.005000,-4,3,2,81
5414,0.105000,-12,11,4,81
5414,0.105000,-14,13,4,81
5414,0.040000,-16,15,4,81
5414,0.500000,-2,1,4,81
5414,0.080000,-2,4,1,81
5414,0.140000,-4,3,4,81
5414,0.010000,-4,4,3,81
5414,0.015000,-2,1,2,81
5414,0.005000,-4,3,2,81
5422,0.105000,-12,11,4,81
5422,0.105000,-14,13,4,81
5422,0.040000,-16,15,4,81
5422,0.500000,-2,1,4,81
5422,0.080000,-2,4,1,81
5422,0.140000,-4,3,4,81
5422,0.010000,-4,4,3,81
5422,0.015000,-2,1,2,81
5422,0.005000,-4,3,2,81
5424,0.105000,-12,11,4,81
5424,0.105000,-14,13,4,81
5424,0.040000,-16,15,4,81
5424,0.500000,-2,1,4,81
5424,0.080000,-2,4,1,81
5424,0.140000,-4,3,4,81
5424,0.010000,-4,4,3,81
5424,0.015000,-2,1,2,81
5424,0.005000,-4,3,2,81
5432,0.105000,-12,11,4,81
5432,0.105000,-14,13,4,81
5432,0.040000,-16,15,4,81
5432,0.500000,-2,1,4,81
5432,0.080000,-2,4,1,81
5432,0.140000,-4,3,4,81
5432,0.010000,-4,4,3,81
5432,0.015000,-2,1,2,81
5432,0.005000,-4,3,2,81
5434,0.105000,-12,11,4,81
5434,0.105000,-14,13,4,81
5434,0.040000,-16,15,4,81
5434,0.500000,-2,1,4,81
5434,0.080000,-2,4,1,81
5434,0.140000,-4,3,4,81
5434,0.010000,-4,4,3,81
5434,0.015000,-2,1,2,81
5434,0.005000,-4,3,2,81
5442,0.105000,-12,11,4,81
5442,0.105000,-14,13,4,81
5442,0.040000,-16,15,4,81
5442,0.500000,-2,1,4,81
5442,0.080000,-2,4,1,81
5442,0.140000,-4,3,4,81
5442,0.010000,-4,4,3,81
5442,0.015000,-2,1,2,81
5442,0.005000,-4,3,2,81
5444,0.105000,-12,11,4,81
5444,0.105000,-14,13,4,81
5444,0.040000,-16,15,4,81
5444,0.500000,-2,1,4,81
5444,0.080000,-2,4,1,81
5444,0.140000,-4,3,4,81
5444,0.010000,-4,4,3,81
5444,0.015000,-2,1,2,81
5444,0.005000,-4,3,2,81
5512,0.105000,-12,11,4,81
5512,0.105000,-14,13,4,81
5512,0.040000,-16,15,4,81
5512,0.500000,-2,1,4,81
5512,0.080000,-2,4,1,81
5512,0.140000,-4,3,4,81
5512,0.010000,-4,4,3,81
5512,0.015000,-2,1,2,81
5512,0.005000,-4,3,2,81
5514,0.105000,-12,11,4,81
5514,0.105000,-14,13,4,81
5514,0.040000,-16,15,4,81
5514,0.500000,-2,1,4,81
5514,0.080000,-2,4,1,81
5514,0.140000,-4,3,4,81
5514,0.010000,-4,4,3,81
5514,0.015000,-2,1,2,81
5514,0.005000,-4,3,2,81
5522,0.105000,-12,11,4,81
5522,0.105000,-14,13,4,81
5522,0.040000,-16,15,4,81
5522,0.500000,-2,1,4,81
5522,0.080000,-2,4,1,81
5522,0.140000,-4,3,4,81
5522,0.010000,-4,4,3,81
5522,0.015000,-2,1,2,81
5522,0.005000,-4,3,2,81
5524,0.105000,-12,11,4,81
5524,0.105000,-14,13,4,81
5524,0.040000,-16,15,4,81
5524,0.500000,-2,1,4,81
5524,0.080000,-2,4,1,81
5524,0.140000,-4,3,4,81
5524,0.010000,-4,4,3,81
5524,0.015000,-2,1,2,81
5524,0.005000,-4,3,2,81
5532,0.105000,-12,11,4,81
5532,0.105000,-14,13,4,81
5532,0.040000,-16,15,4,81
5532,0.500000,-2,1,4,81
5532,0.080000,-2,4,1,81
5532,0.140000,-4,3,4,81
5532,0.010000,-4,4,3,81
5532,0.015000,-2,1,2,81
5532,0.005000,-4,3,2,81
5534,0.105000,-12,11,4,81
5534,0.105000,-14,13,4,81
5534,0.040000,-16,15,4,81
5534,0.500000,-2,1,4,81
5534,0.080000,-2,4,1,81
5534,0.140000,-4,3,4,81
5534,0.010000,-4,4,3,81
5534,0.015000,-2,1,2,81
5534,0.005000,-4,3,2,81
5542,0.105000,-12,11,4,81
5542,0.105000,-14,13,4,81
5542,0.040000,-16,15,4,81
5542,0.500000,-2,1,4,81
5542,0.080000,-2,4,1,81
5542,0.140000,-4,3,4,81
5542,0.010000,-4,4,3,81
5542,0.015000,-2,1,2,81
5542,0.005000,-4,3,2,81
5544,0.105000,-12,11,4,81
5544,0.105000,-14,13,4,81
5544,0.040000,-16,15,4,81
5544,0.500000,-2,1,4,81
5544,0.080000,-2,4,1,81
5544,0.140000,-4,3,4,81
5544,0.010000,-4,4,3,81
5544,0.015000,-2,1,2,81
5544,0.005000,-4,3,2,81
5554,0.105000,-12,11,4,81
5554,0.105000,-14,13,4,81
5554,0.040000,-16,15,4,81
5554,0.500000,-2,1,4,81
5554,0.080000,-2,4,1,81
5554,0.140000,-4,3,4,81
5554,0.010000,-4,4,3,81
5554,0.015000,-2,1,2,81
5554,0.005000,-4,3,2,81
